Barcode	Brand	Category	Name	Mrp	Error
barcode0	brand 0	category 0	product0	10	Barcode already exists
barcode1	brand 1	category 1	product1	15	Barcode already exists
barcode2	brand 2	category 2	product2	20	Barcode already exists
barcode3	brand 3	category 3	product3	25	Barcode already exists
barcode4	brand 4	category 4	product4	30	Barcode already exists
barcode5	brand 5	category 5	product5	35	Barcode already exists
barcode6	brand 6	category 6	product6	40	Barcode already exists
barcode7	brand 7	category 7	product7	45	Barcode already exists
barcode8	brand 8	category 8	product8	50	Barcode already exists
barcode9	brand 9	category 9	product9	55	Barcode already exists
barcode10	brand 10	category 10	product10	60	Barcode already exists
barcode11	brand 11	category 11	product11	65	Barcode already exists
barcode12	brand 12	category 12	product12	70	Barcode already exists
barcode13	brand 13	category 13	product13	75	Barcode already exists
barcode14	brand 14	category 14	product14	80	Barcode already exists
barcode15	brand 15	category 15	product15	85	Barcode already exists
barcode16	brand 16	category 16	product16	90	Barcode already exists
barcode17	brand 17	category 17	product17	95	Barcode already exists
barcode18	brand 18	category 18	product18	100	Barcode already exists
barcode19	brand 19	category 19	product19	105	Barcode already exists
barcode20	brand 20	category 20	product20	110	Barcode already exists
barcode21	brand 21	category 21	product21	115	Barcode already exists
barcode22	brand 22	category 22	product22	120	Barcode already exists
barcode23	brand 23	category 23	product23	125	Barcode already exists
barcode24	brand 24	category 24	product24	130	Barcode already exists
barcode25	brand 25	category 25	product25	135	Barcode already exists
barcode26	brand 26	category 26	product26	140	Barcode already exists
barcode27	brand 27	category 27	product27	145	Barcode already exists
barcode28	brand 28	category 28	product28	150	Barcode already exists
barcode29	brand 29	category 29	product29	155	Barcode already exists
barcode30	brand 30	category 30	product30	160	Barcode already exists
barcode31	brand 31	category 31	product31	165	Barcode already exists
barcode32	brand 32	category 32	product32	170	Barcode already exists
barcode33	brand 33	category 33	product33	175	Barcode already exists
barcode34	brand 34	category 34	product34	180	Barcode already exists
barcode35	brand 35	category 35	product35	185	Barcode already exists
barcode36	brand 36	category 36	product36	190	Barcode already exists
barcode37	brand 37	category 37	product37	195	Barcode already exists
barcode38	brand 38	category 38	product38	200	Barcode already exists
barcode39	brand 39	category 39	product39	205	Barcode already exists
barcode40	brand 40	category 40	product40	210	Barcode already exists
barcode41	brand 41	category 41	product41	215	Barcode already exists
barcode42	brand 42	category 42	product42	220	Barcode already exists
barcode43	brand 43	category 43	product43	225	Barcode already exists
barcode44	brand 44	category 44	product44	230	Barcode already exists
barcode45	brand 45	category 45	product45	235	Barcode already exists
barcode46	brand 46	category 46	product46	240	Barcode already exists
barcode47	brand 47	category 47	product47	245	Barcode already exists
barcode48	brand 48	category 48	product48	250	Barcode already exists
barcode49	brand 49	category 49	product49	255	Barcode already exists
barcode50	brand 50	category 50	product50	260	Barcode already exists
barcode51	brand 51	category 51	product51	265	Barcode already exists
barcode52	brand 52	category 52	product52	270	Barcode already exists
barcode53	brand 53	category 53	product53	275	Barcode already exists
barcode54	brand 54	category 54	product54	280	Barcode already exists
barcode55	brand 55	category 55	product55	285	Barcode already exists
barcode56	brand 56	category 56	product56	290	Barcode already exists
barcode57	brand 57	category 57	product57	295	Barcode already exists
barcode58	brand 58	category 58	product58	300	Barcode already exists
barcode59	brand 59	category 59	product59	305	Barcode already exists
barcode60	brand 60	category 60	product60	310	Barcode already exists
barcode61	brand 61	category 61	product61	315	Barcode already exists
barcode62	brand 62	category 62	product62	320	Barcode already exists
barcode63	brand 63	category 63	product63	325	Barcode already exists
barcode64	brand 64	category 64	product64	330	Barcode already exists
barcode65	brand 65	category 65	product65	335	Barcode already exists
barcode66	brand 66	category 66	product66	340	Barcode already exists
barcode67	brand 67	category 67	product67	345	Barcode already exists
barcode68	brand 68	category 68	product68	350	Barcode already exists
barcode69	brand 69	category 69	product69	355	Barcode already exists
barcode70	brand 70	category 70	product70	360	Barcode already exists
barcode71	brand 71	category 71	product71	365	Barcode already exists
barcode72	brand 72	category 72	product72	370	Barcode already exists
barcode73	brand 73	category 73	product73	375	Barcode already exists
barcode74	brand 74	category 74	product74	380	Barcode already exists
barcode75	brand 75	category 75	product75	385	Barcode already exists
barcode76	brand 76	category 76	product76	390	Barcode already exists
barcode77	brand 77	category 77	product77	395	Barcode already exists
barcode78	brand 78	category 78	product78	400	Barcode already exists
barcode79	brand 79	category 79	product79	405	Barcode already exists
barcode80	brand 80	category 80	product80	410	Barcode already exists
barcode81	brand 81	category 81	product81	415	Barcode already exists
barcode82	brand 82	category 82	product82	420	Barcode already exists
barcode83	brand 83	category 83	product83	425	Barcode already exists
barcode84	brand 84	category 84	product84	430	Barcode already exists
barcode85	brand 85	category 85	product85	435	Barcode already exists
barcode86	brand 86	category 86	product86	440	Barcode already exists
barcode87	brand 87	category 87	product87	445	Barcode already exists
barcode88	brand 88	category 88	product88	450	Barcode already exists
barcode89	brand 89	category 89	product89	455	Barcode already exists
barcode90	brand 90	category 90	product90	460	Barcode already exists
barcode91	brand 91	category 91	product91	465	Barcode already exists
barcode92	brand 92	category 92	product92	470	Barcode already exists
barcode93	brand 93	category 93	product93	475	Barcode already exists
barcode94	brand 94	category 94	product94	480	Barcode already exists
barcode95	brand 95	category 95	product95	485	Barcode already exists
barcode96	brand 96	category 96	product96	490	Barcode already exists
barcode97	brand 97	category 97	product97	495	Barcode already exists
barcode98	brand 98	category 98	product98	500	Barcode already exists
barcode99	brand 99	category 99	product99	505	Barcode already exists
barcode100	brand 100	category 100	product100	510	Barcode already exists
